s.no,Timestamp,Age,Gender,Country,state,self_employed,family_history,work_interfere,no_employees,remote_work,tech_company,benefits,care_options,wellness_program,seek_help,anonymity,leave,mental_health_consequence,phys_health_consequence,coworkers,supervisor,mental_health_interview,phys_health_interview,mental_vs_physical,obs_consequence,treatment
1,29-08-2014 09:29,25,M,United States,PA,No,Yes,Often,Jun-25,Yes,Yes,Yes,Yes,No,Don't know,Yes,Somewhat easy,No,No,Yes,Yes,Maybe,Maybe,Don't know,No,Yes
2,29-08-2014 09:31,42,M,United States,IN,No,Yes,Sometimes,Jun-25,Yes,Yes,Don't know,No,No,Don't know,Don't know,Don't know,Maybe,No,Some of them,Yes,No,Maybe,Don't know,No,Yes
3,29-08-2014 09:31,34,M,United States,PA,No,Yes,Often,100-500,No,Yes,Yes,Yes,No,No,Yes,Very easy,No,No,Yes,Yes,Maybe,Maybe,Don't know,No,Yes
4,29-08-2014 09:33,26,F,United States,OH,No,No,Sometimes,26-100,Yes,Yes,Don't know,No,No,Don't know,Don't know,Don't know,Maybe,No,Some of them,No,Maybe,Maybe,Don't know,Yes,Yes
5,29-08-2014 09:35,35,M,United Kingdom,NA,No,Yes,Sometimes,01-May,No,Yes,No,Yes,No,No,Yes,Very easy,Yes,Yes,Some of them,Some of them,No,Maybe,Yes,Yes,Yes
6,29-08-2014 09:36,34,M,United Kingdom,NA,No,No,Never,500-1000,No,Yes,Don't know,No,No,Don't know,Don't know,Very easy,Maybe,No,Yes,Yes,No,No,Yes,No,Yes
7,29-08-2014 09:36,38,M,United States,PA,No,Yes,Sometimes,100-500,Yes,No,Yes,Yes,No,Yes,Yes,Very easy,No,No,Yes,Yes,Yes,Yes,Don't know,No,Yes
8,29-08-2014 09:40,34,M,United States,SD,No,No,Sometimes,100-500,No,Yes,Don't know,No,No,No,Don't know,Don't know,Yes,No,Some of them,No,No,Maybe,Don't know,No,Yes
9,29-08-2014 09:42,39,M,United States,IN,No,Yes,Sometimes,Jun-25,Yes,Yes,No,Yes,No,No,Yes,Somewhat easy,No,No,Some of them,Yes,Maybe,Yes,Yes,No,Yes
10,29-08-2014 09:46,44,F,United States,CA,No,No,NA,100-500,No,Yes,Don't know,Not sure,No,No,Don't know,Don't know,Yes,No,No,No,No,No,Don't know,No,Yes
11,29-08-2014 09:47,40,M,United States,TN,No,No,NA,More than 1000,No,No,Yes,Yes,Yes,Yes,Yes,Don't know,Maybe,No,No,Yes,No,No,Don't know,No,Yes
12,29-08-2014 09:47,33,F,United States,TX,Yes,No,Never,01-May,Yes,Yes,No,Yes,Don't know,Don't know,Yes,Somewhat easy,Maybe,No,No,Some of them,No,No,Yes,No,No
13,29-08-2014 09:51,24,F,United States,TN,No,Yes,Sometimes,More than 1000,No,No,Yes,Yes,No,Don't know,Don't know,Somewhat difficult,Yes,Maybe,Some of them,Some of them,No,No,No,Yes,Yes
14,29-08-2014 09:53,38,F,United States,OR,No,Yes,Sometimes,26-100,Yes,Yes,Don't know,Not sure,Don't know,Don't know,Don't know,Don't know,No,No,Some of them,Yes,No,No,Don't know,No,Yes
15,29-08-2014 09:53,31,M,United States,SD,No,No,Sometimes,More than 1000,No,Yes,Yes,Not sure,Yes,Yes,Yes,Don't know,Yes,Maybe,Some of them,Some of them,No,Maybe,Yes,No,Yes
16,29-08-2014 09:54,23,M,Israel,NA,No,No,NA,100-500,No,Yes,Don't know,Not sure,No,No,Yes,Very easy,Maybe,No,Some of them,Yes,Maybe,Yes,Don't know,No,Yes
17,29-08-2014 09:54,26,F,United States,NY,No,No,NA,Jun-25,No,Yes,Don't know,Not sure,No,No,Don't know,Somewhat easy,No,No,Yes,Yes,No,Maybe,Yes,No,Yes
18,29-08-2014 09:58,46,F,United States,CT,No,No,Often,More than 1000,No,No,Yes,Yes,Yes,Yes,Don't know,Don't know,Yes,No,Some of them,Some of them,No,No,No,Yes,Yes
19,29-08-2014 09:59,30,M,United States,CA,No,Yes,Sometimes,26-100,Yes,Yes,Yes,No,No,No,Don't know,Don't know,Maybe,No,Some of them,No,No,Maybe,Don't know,No,Yes
20,29-08-2014 10:03,25,M,United States,NA,No,No,Rarely,26-100,Yes,Yes,Don't know,No,No,No,Don't know,Somewhat easy,Yes,No,Some of them,Some of them,No,Yes,Don't know,Yes,Yes
21,29-08-2014 10:05,19,M,Canada,NA,No,No,Never,26-100,Yes,Yes,Don't know,No,No,No,Don't know,Somewhat easy,No,No,Some of them,Some of them,No,Maybe,No,No,Yes
22,29-08-2014 10:06,30,F,United States,GA,No,Yes,Sometimes,500-1000,No,No,Yes,Yes,Yes,Yes,Yes,Somewhat easy,Maybe,Maybe,Some of them,Some of them,No,No,No,Yes,Yes
23,29-08-2014 10:12,32,M,United States,TN,No,No,Never,Jun-25,No,Yes,Yes,Yes,Yes,Yes,Don't know,Somewhat easy,No,No,Yes,Yes,No,Maybe,Yes,No,Yes
24,29-08-2014 10:13,32,M,United Kingdom,NA,No,No,NA,Jun-25,No,Yes,No,No,No,No,Don't know,Don't know,Maybe,Maybe,No,No,No,Maybe,Don't know,No,Yes
25,29-08-2014 10:13,37,M,United States,IN,No,Yes,Sometimes,26-100,Yes,Yes,Don't know,No,No,No,Don't know,Somewhat easy,Maybe,No,Some of them,Some of them,No,Maybe,No,No,Yes
26,29-08-2014 10:16,42,M,United States,CA,No,Yes,Sometimes,Jun-25,Yes,Yes,Don't know,No,No,Don't know,Don't know,Don't know,Maybe,Maybe,Some of them,Some of them,No,No,Don't know,No,Yes
27,29-08-2014 10:27,25,F,United States,OR,No,No,Never,More than 1000,No,Yes,Yes,Yes,Yes,Yes,Don't know,Don't know,Maybe,No,Some of them,Yes,Maybe,No,Yes,No,Yes
28,29-08-2014 10:30,19,M,United States,IN,No,No,Sometimes,01-May,No,Yes,Don't know,Not sure,No,No,Don't know,Don't know,No,No,Some of them,Yes,Maybe,Maybe,Don't know,No,Yes
29,29-08-2014 10:32,40,F,United States,GA,No,Yes,Never,100-500,Yes,Yes,Yes,Yes,Yes,No,Don't know,Don't know,Yes,Yes,No,No,No,No,Don't know,No,Yes
30,29-08-2014 10:33,34,M,United States,IN,No,No,NA,More than 1000,No,No,Yes,Not sure,Yes,Don't know,Don't know,Don't know,Maybe,Maybe,Some of them,Yes,No,No,Don't know,No,Yes
31,29-08-2014 10:38,26,M,United States,MN,No,Yes,NA,Jun-25,No,Yes,Don't know,Not sure,No,No,Don't know,Don't know,No,No,Some of them,Yes,No,No,Yes,No,Yes
32,29-08-2014 10:38,31,M,United States,MN,No,Yes,Rarely,Jun-25,No,Yes,Don't know,Not sure,Don't know,Don't know,Yes,Don't know,No,No,Yes,Yes,Maybe,Maybe,Yes,No,Yes
33,29-08-2014 10:55,40,M,United States,NC,No,Yes,Sometimes,More than 1000,Yes,No,Yes,Not sure,Yes,Don't know,Don't know,Don't know,Yes,Maybe,Some of them,Some of them,No,Maybe,No,No,Yes
34,29-08-2014 10:59,31,F,United States,FL,No,Yes,Often,26-100,No,Yes,No,No,No,No,No,Very difficult,Yes,No,No,No,No,Yes,No,Yes,Yes
35,29-08-2014 11:01,36,M,United States,MN,No,No,Never,100-500,No,No,Don't know,No,No,Don't know,Don't know,Don't know,Yes,Maybe,No,No,No,Maybe,Don't know,Yes,Yes
36,29-08-2014 11:02,35,M,Canada,NA,No,Yes,Sometimes,Jun-25,Yes,Yes,No,Yes,No,No,Don't know,Don't know,Maybe,No,No,Some of them,No,No,Don't know,No,Yes
37,29-08-2014 11:04,26,M,Australia,NA,No,Yes,Sometimes,26-100,Yes,Yes,No,No,No,No,Yes,Don't know,No,No,Yes,Yes,No,Maybe,Yes,No,Yes
38,29-08-2014 11:05,44,M,United States,MO,No,No,NA,More than 1000,Yes,No,Don't know,No,Don't know,Don't know,Yes,Don't know,Yes,No,Some of them,No,No,No,No,No,Yes
39,29-08-2014 11:11,34,F,United States,CA,No,No,Sometimes,01-May,No,Yes,No,Not sure,No,No,Don't know,Very easy,No,No,Some of them,Yes,No,Maybe,Yes,No,Yes
40,29-08-2014 11:12,35,M,United States,OR,No,No,NA,Jun-25,Yes,Yes,No,No,No,No,Don't know,Don't know,No,No,No,No,No,No,Don't know,No,Yes
41,29-08-2014 11:19,28,F,United States,OH,No,Yes,Sometimes,26-100,Yes,Yes,Don't know,No,No,No,Don't know,Somewhat easy,Yes,No,Some of them,Some of them,No,Maybe,No,No,Yes
42,29-08-2014 11:20,33,M,United States,NY,No,No,NA,Jun-25,Yes,Yes,Yes,No,Don't know,Yes,Yes,Don't know,No,No,Some of them,Yes,No,No,Yes,No,Yes
43,29-08-2014 11:20,40,M,United States,WI,No,Yes,Sometimes,More than 1000,Yes,Yes,Yes,Yes,No,Yes,Don't know,Don't know,Yes,No,No,No,No,Maybe,Don't know,No,Yes
44,29-08-2014 11:20,26,M,United States,WA,No,No,Sometimes,Jun-25,No,Yes,Yes,Yes,No,No,Yes,Don't know,Maybe,No,Some of them,No,No,Maybe,Don't know,No,Yes
45,29-08-2014 11:22,29,F,United Kingdom,NA,No,No,Often,More than 1000,No,No,Yes,Yes,No,No,Don't know,Don't know,Maybe,No,Some of them,No,No,Yes,No,Yes,Yes
46,29-08-2014 11:23,26,F,Canada,NA,No,Yes,Sometimes,100-500,No,Yes,Yes,Not sure,No,No,Yes,Don't know,Maybe,No,Some of them,No,No,Maybe,Don't know,No,Yes
47,29-08-2014 11:24,33,M,Italy,NA,No,Yes,Sometimes,Jun-25,No,Yes,No,Not sure,No,No,Don't know,Somewhat easy,No,No,Some of them,Yes,No,No,Don't know,No,Yes
48,29-08-2014 11:25,28,M,Brazil,NA,No,Yes,Sometimes,100-500,No,Yes,No,No,No,No,Don't know,Somewhat easy,No,No,Some of them,Some of them,No,No,Don't know,Yes,Yes
49,29-08-2014 11:27,41,M,United States,IL,Yes,No,Often,01-May,Yes,No,No,Yes,Yes,Yes,Yes,Very difficult,No,No,Some of them,Some of them,No,No,Yes,Yes,No
50,29-08-2014 11:32,39,M,United Kingdom,NA,Yes,Yes,Sometimes,01-May,Yes,Yes,No,Yes,Yes,Yes,Yes,Somewhat difficult,No,No,Yes,Yes,No,Maybe,Yes,Yes,No
51,29-08-2014 11:32,26,F,United States,WA,No,Yes,Sometimes,More than 1000,No,Yes,Yes,Yes,No,No,Don't know,Don't know,No,No,Some of them,Yes,No,Maybe,No,Yes,Yes
52,29-08-2014 11:33,23,F,United States,IL,No,Yes,Sometimes,26-100,No,No,No,No,No,No,Don't know,Somewhat difficult,Yes,No,No,Some of them,No,Maybe,No,No,Yes
53,29-08-2014 11:34,35,M,Switzerland,NA,No,Yes,Often,More than 1000,No,Yes,Don't know,Not sure,No,No,Yes,Very easy,No,No,Some of them,Some of them,No,Maybe,No,No,Yes
54,29-08-2014 11:36,36,M,United States,FL,No,No,Never,01-May,Yes,Yes,Don't know,Not sure,Don't know,Don't know,Don't know,Very easy,No,No,Some of them,Some of them,No,No,Don't know,No,Yes
55,29-08-2014 11:39,42,M,United States,TN,No,No,Rarely,More than 1000,No,No,Don't know,No,No,Don't know,Don't know,Don't know,Maybe,No,Some of them,No,No,Maybe,No,No,Yes
56,29-08-2014 11:40,39,M,United States,WA,No,Yes,Sometimes,500-1000,No,Yes,Yes,Yes,No,Don't know,Yes,Very easy,No,No,Some of them,Yes,No,No,Yes,No,Yes
57,29-08-2014 11:43,27,M,United States,CA,No,No,Never,Jun-25,No,Yes,Don't know,No,No,Don't know,Don't know,Don't know,Maybe,No,Some of them,Yes,Maybe,Maybe,Don't know,No,Yes
58,29-08-2014 11:44,33,M,United States,FL,Yes,No,Never,Jun-25,Yes,Yes,Don't know,No,No,No,No,Very easy,Maybe,No,Some of them,Yes,No,Maybe,Yes,No,No
59,29-08-2014 11:46,31,M,Canada,NA,No,Yes,Often,More than 1000,No,Yes,Yes,Not sure,Don't know,Don't know,Don't know,Don't know,Maybe,No,Some of them,No,No,Maybe,Don't know,No,Yes
60,29-08-2014 11:53,28,F,United States,OR,No,No,Rarely,Jun-25,No,Yes,Yes,Yes,Don't know,Yes,Yes,Very easy,No,No,Some of them,Some of them,No,Yes,Don't know,No,Yes
61,29-08-2014 11:54,29,F,United States,NJ,No,No,Often,More than 1000,Yes,No,Yes,No,No,No,Don't know,Somewhat easy,No,No,Some of them,Yes,Maybe,Maybe,Don't know,No,Yes
62,29-08-2014 11:56,27,M,United States,CA,No,No,Sometimes,100-500,No,Yes,Don't know,Not sure,No,No,Yes,Very difficult,Maybe,No,Some of them,No,No,Maybe,No,No,Yes
63,29-08-2014 12:00,44,M,United States,FL,Yes,No,Never,01-May,Yes,Yes,Don't know,No,No,No,Yes,Somewhat difficult,No,No,No,No,No,No,Don't know,No,No
64,29-08-2014 12:08,25,M,United States,UT,No,No,Often,Jun-25,Yes,Yes,Don't know,No,No,No,Don't know,Somewhat easy,Maybe,No,Some of them,No,No,Maybe,Don't know,No,Yes
65,29-08-2014 12:15,24,M,Germany,NA,No,Yes,Sometimes,Jun-25,No,Yes,No,No,No,No,Don't know,Somewhat easy,Maybe,No,Yes,Yes,No,No,Don't know,No,Yes
66,29-08-2014 12:20,25,M,South Africa,NA,No,Yes,Often,Jun-25,No,No,Don't know,No,No,No,Yes,Don't know,No,No,Some of them,Yes,No,Maybe,No,Yes,Yes
67,29-08-2014 12:26,34,M,United States,NJ,No,No,Never,Jun-25,Yes,Yes,Yes,Not sure,Don't know,Don't know,Don't know,Somewhat easy,Maybe,Maybe,No,Some of them,No,Maybe,Don't know,No,Yes
68,29-08-2014 12:27,26,M,United States,PA,No,No,Never,More than 1000,No,No,Yes,Yes,No,Don't know,Don't know,Somewhat difficult,Maybe,No,No,Yes,No,No,Don't know,No,Yes
69,29-08-2014 12:45,48,M,United States,IN,No,No,Never,26-100,No,No,Yes,Yes,Yes,Yes,Yes,Don't know,Maybe,No,Some of them,Yes,No,Maybe,Don't know,No,Yes
70,29-08-2014 12:48,34,M,Greece,NA,No,No,NA,26-100,Yes,Yes,No,No,No,No,Don't know,Very difficult,Yes,Maybe,Some of them,No,No,Maybe,No,No,Yes
71,29-08-2014 12:54,39,F,United States,OH,No,No,Sometimes,Jun-25,Yes,Yes,No,No,No,No,Don't know,Don't know,Maybe,Maybe,Some of them,Some of them,No,Maybe,No,No,Yes
72,29-08-2014 13:17,43,M,United States,OH,No,No,Sometimes,More than 1000,Yes,Yes,Yes,Not sure,No,Yes,Don't know,Don't know,Maybe,No,No,No,No,No,Don't know,No,Yes
73,29-08-2014 13:23,41,M,United States,IL,No,No,Rarely,More than 1000,No,Yes,Yes,Yes,Yes,Yes,Don't know,Don't know,Maybe,Maybe,Some of them,No,No,No,Yes,Yes,Yes
74,29-08-2014 13:58,25,M,United States,IN,No,No,Never,More than 1000,No,No,Don't know,No,No,No,Don't know,Don't know,No,No,Some of them,Yes,No,No,Don't know,No,Yes
75,29-08-2014 14:04,31,M,United States,CA,No,No,Sometimes,100-500,No,Yes,Yes,Yes,No,No,Don't know,Somewhat easy,Maybe,No,Some of them,No,No,Maybe,No,No,Yes
76,29-08-2014 14:09,40,M,United States,WA,No,Yes,Sometimes,More than 1000,No,Yes,Yes,Yes,Yes,Yes,Yes,Don't know,Yes,Yes,No,No,No,Maybe,No,Yes,Yes
77,29-08-2014 14:31,43,M,United States,VA,Yes,Yes,Sometimes,01-May,Yes,Yes,Yes,Not sure,No,Don't know,Don't know,Don't know,Maybe,Maybe,Some of them,Some of them,No,Maybe,Don't know,No,No
78,29-08-2014 14:51,27,F,United States,WA,No,Yes,Often,More than 1000,No,Yes,Yes,Yes,Yes,Yes,Yes,Very difficult,Maybe,No,Yes,Some of them,No,Maybe,No,Yes,Yes
79,29-08-2014 14:59,37,F,United States,NJ,No,Yes,Sometimes,26-100,Yes,Yes,Yes,Yes,No,Don't know,Don't know,Don't know,Yes,Maybe,No,No,No,Maybe,Don't know,No,Yes
80,29-08-2014 15:10,32,M,Netherlands,NA,Yes,No,Sometimes,01-May,No,Yes,No,No,No,No,Yes,Very difficult,Maybe,No,Some of them,Yes,No,Maybe,No,No,No
81,29-08-2014 15:59,25,M,United States,UT,No,Yes,Often,01-May,No,Yes,No,Yes,No,No,Yes,Very easy,Maybe,No,Yes,Yes,No,Maybe,No,No,Yes
82,29-08-2014 16:07,29,M,Netherlands,NA,No,Yes,Often,01-May,No,Yes,Don't know,Not sure,Don't know,Yes,Don't know,Very difficult,No,Maybe,Yes,Yes,Maybe,No,Yes,No,Yes
83,29-08-2014 16:17,30,F,United States,TN,No,Yes,Often,More than 1000,No,No,Yes,No,No,No,Don't know,Somewhat difficult,Yes,No,No,No,No,Maybe,No,No,Yes
84,29-08-2014 16:21,34,F,Canada,NA,No,Yes,Often,26-100,No,No,Don't know,No,Yes,Don't know,Don't know,Somewhat easy,No,No,Some of them,Some of them,No,No,Yes,No,Yes
85,29-08-2014 16:30,32,M,United Kingdom,NA,No,Yes,Sometimes,01-May,No,No,Yes,Yes,Yes,Yes,Yes,Somewhat easy,Maybe,Maybe,Some of them,Some of them,No,Maybe,No,No,Yes
86,29-08-2014 16:50,37,M,Germany,NA,No,No,NA,Jun-25,No,Yes,Don't know,No,No,No,Yes,Very easy,No,No,Yes,Yes,Maybe,Maybe,Yes,No,Yes
87,29-08-2014 16:51,41,M,Germany,NA,No,No,Sometimes,More than 1000,No,Yes,Don't know,No,No,No,Don't know,Somewhat difficult,No,No,Yes,Yes,No,No,Yes,No,Yes
88,29-08-2014 16:56,38,M,United States,IN,No,Yes,Never,More than 1000,No,No,Yes,Not sure,Yes,Yes,Don't know,Don't know,Yes,Maybe,Some of them,No,No,No,No,No,Yes
89,29-08-2014 17:04,32,M,United States,IN,No,No,Sometimes,26-100,No,Yes,Yes,Yes,Yes,Don't know,Yes,Don't know,No,No,Some of them,Yes,No,Maybe,Don't know,No,Yes
90,29-08-2014 17:04,28,F,United States,CA,No,Yes,Sometimes,100-500,No,Yes,Yes,Yes,Don't know,Don't know,Don't know,Don't know,Maybe,No,Some of them,Some of them,No,No,Yes,No,Yes
91,29-08-2014 17:26,11,M,United States,OH,Yes,No,Never,01-May,Yes,Yes,No,Yes,No,No,Yes,Very easy,No,No,Some of them,Some of them,No,Maybe,Yes,No,No
92,29-08-2014 17:32,43,M,United States,TX,No,Yes,Never,100-500,No,No,Yes,Yes,No,Don't know,Don't know,Somewhat easy,Maybe,No,Some of them,Some of them,No,Maybe,No,No,Yes
93,29-08-2014 17:35,32,M,United States,TN,No,Yes,Often,100-500,No,Yes,No,Yes,No,No,Don't know,Very difficult,Yes,No,Yes,Yes,No,Yes,No,No,Yes
94,29-08-2014 17:54,25,M,United States,WA,No,No,Sometimes,More than 1000,No,Yes,Yes,Yes,Yes,Don't know,Yes,Don't know,Yes,No,No,No,No,No,Yes,No,Yes
95,29-08-2014 18:33,37,M,United States,UT,No,No,Sometimes,100-500,No,Yes,Yes,No,No,Yes,Yes,Very easy,No,No,No,Yes,No,No,Yes,No,Yes
96,29-08-2014 18:39,36,M,United States,AL,Yes,No,Sometimes,01-May,No,No,No,Yes,No,No,No,Very difficult,No,No,No,No,No,No,No,Yes,No
97,29-08-2014 19:32,24,M,United States,WI,No,Yes,Rarely,Jun-25,Yes,Yes,Don't know,No,No,No,Don't know,Very easy,No,No,Yes,Yes,Maybe,Yes,Yes,No,Yes
98,29-08-2014 19:34,40,M,United States,WA,No,Yes,Sometimes,More than 1000,No,Yes,Yes,Not sure,Yes,Don't know,Don't know,Somewhat difficult,Maybe,No,Some of them,Some of them,No,Maybe,Don't know,Yes,Yes
99,29-08-2014 20:53,29,M,United States,WI,No,No,NA,More than 1000,No,No,Don't know,Not sure,Yes,Don't know,Yes,Somewhat easy,No,No,Some of them,Yes,No,Maybe,Yes,No,Yes
100,29-08-2014 20:53,43,M,United States,NY,No,No,Never,500-1000,No,Yes,Don't know,No,No,Don't know,Don't know,Don't know,No,No,Yes,Some of them,No,No,Yes,No,Yes
101,29-08-2014 21:26,29,M,United States,NY,No,No,NA,Jun-25,Yes,Yes,Yes,Not sure,No,Yes,Don't know,Don't know,Maybe,No,Some of them,Yes,Maybe,Yes,Don't know,No,Yes
102,29-08-2014 21:28,26,M,United States,OH,No,Yes,Sometimes,100-500,No,Yes,Don't know,Not sure,No,No,Don't know,Don't know,Maybe,No,Some of them,No,No,Maybe,Don't know,No,Yes
103,29-08-2014 21:40,33,F,Canada,NA,Yes,Yes,Often,01-May,Yes,Yes,No,Yes,No,No,No,Very difficult,Yes,Yes,No,No,No,Maybe,No,Yes,No
104,29-08-2014 22:08,35,F,United States,WA,No,Yes,Sometimes,Jun-25,Yes,Yes,Don't know,No,No,No,Don't know,Somewhat easy,No,No,Yes,Some of them,No,No,Yes,No,Yes
105,29-08-2014 23:51,45,M,United States,CA,No,No,Never,Jun-25,Yes,Yes,Yes,No,No,No,Don't know,Don't know,Yes,Maybe,Some of them,No,No,Maybe,Don't know,No,Yes
106,30-08-2014 00:09,25,M,United States,SC,No,No,Rarely,Jun-25,Yes,Yes,No,Yes,No,Don't know,Don't know,Somewhat easy,Maybe,No,No,Some of them,No,Maybe,Don't know,No,Yes
107,30-08-2014 03:55,50,M,France,NA,Yes,No,Sometimes,26-100,Yes,Yes,No,No,No,No,Don't know,Don't know,Maybe,Maybe,Some of them,Yes,No,No,Don't know,No,No
108,30-08-2014 05:05,26,M,Australia,NA,No,Yes,Rarely,26-100,No,Yes,No,No,Don't know,Don't know,Don't know,Very easy,No,No,Yes,Yes,Maybe,Yes,Yes,No,Yes
109,30-08-2014 05:47,33,F,United States,CA,No,No,Often,More than 1000,No,Yes,Yes,Yes,Don't know,Don't know,Don't know,Don't know,Yes,No,No,No,No,Maybe,Don't know,No,Yes
110,30-08-2014 06:48,30,M,India,NA,No,No,Often,Jun-25,No,Yes,No,No,No,No,No,Very easy,Maybe,Maybe,Some of them,Some of them,Maybe,Maybe,Don't know,No,Yes
111,30-08-2014 07:31,33,M,Croatia,NA,No,Yes,Sometimes,Jun-25,Yes,Yes,Yes,Yes,No,Don't know,Yes,Very easy,No,No,Some of them,Yes,Maybe,Maybe,Yes,No,Yes
112,30-08-2014 11:48,29,M,France,NA,No,No,Often,Jun-25,No,Yes,Yes,No,No,No,Yes,Somewhat easy,Maybe,Maybe,Yes,Some of them,No,Yes,No,No,Yes
113,30-08-2014 12:35,37,M,Germany,NA,No,No,NA,Jun-25,Yes,Yes,No,Not sure,No,No,Don't know,Don't know,Maybe,No,Some of them,No,Maybe,Yes,Don't know,No,Yes
114,30-08-2014 13:23,25,M,United States,MN,No,Yes,Sometimes,01-May,Yes,Yes,Don't know,No,Don't know,Don't know,Don't know,Very easy,No,No,Yes,Yes,Maybe,Yes,Don't know,No,Yes
115,30-08-2014 13:48,40,M,United States,WA,No,No,NA,More than 1000,No,No,Yes,Not sure,Don't know,Don't know,Don't know,Somewhat easy,Maybe,No,Some of them,Some of them,No,Maybe,Don't know,No,Yes
116,30-08-2014 13:55,24,M,Canada,NA,No,No,Sometimes,26-100,No,Yes,Yes,Yes,No,No,Yes,Don't know,Maybe,No,No,No,No,Maybe,Don't know,Yes,Yes
117,30-08-2014 14:00,40,M,United Kingdom,NA,No,No,Never,100-500,No,Yes,Don't know,Not sure,No,Don't know,Don't know,Very easy,Maybe,No,Yes,Some of them,No,Maybe,Don't know,No,Yes
118,30-08-2014 15:57,46,M,United States,PA,No,Yes,Sometimes,Jun-25,No,Yes,Don't know,Yes,No,Don't know,Don't know,Don't know,Yes,Maybe,No,Some of them,No,Maybe,Don't know,No,Yes
119,30-08-2014 16:13,38,M,United States,NY,No,Yes,Rarely,More than 1000,No,No,Yes,Yes,Yes,Yes,Yes,Somewhat easy,Yes,No,No,Yes,No,Yes,Don't know,No,Yes
120,30-08-2014 16:38,34,M,United States,VT,No,No,Never,01-May,Yes,Yes,No,Yes,No,No,Don't know,Don't know,Yes,Yes,No,No,No,No,Don't know,No,Yes
121,30-08-2014 18:29,32,M,United Kingdom,NA,Yes,No,Rarely,01-May,No,Yes,No,Yes,Yes,Yes,Yes,Very easy,No,No,Some of them,Yes,No,Yes,No,Yes,No
122,30-08-2014 19:35,44,M,United Kingdom,NA,No,No,Sometimes,More than 1000,No,No,No,No,No,Yes,Don't know,Don't know,Maybe,No,Some of them,Some of them,No,No,No,No,Yes
123,30-08-2014 19:56,33,F,United Kingdom,NA,No,No,Never,100-500,No,Yes,Don't know,Not sure,No,Don't know,Don't know,Very easy,Maybe,No,Some of them,Some of them,No,Maybe,No,No,Yes
124,30-08-2014 20:12,45,F,United States,MI,No,No,Rarely,26-100,No,No,Don't know,No,Don't know,Don't know,Don't know,Don't know,No,No,Some of them,Some of them,No,Maybe,Don't know,No,Yes
125,30-08-2014 20:19,35,M,United States,NY,No,No,NA,Jun-25,No,Yes,Don't know,Not sure,Don't know,Don't know,Yes,Don't know,No,No,No,No,No,No,Yes,No,Yes
126,30-08-2014 20:43,26,M,Germany,NA,Yes,Yes,Often,01-May,No,Yes,No,No,No,No,Don't know,Don't know,Maybe,No,Yes,Yes,Maybe,Yes,No,Yes,No
127,30-08-2014 20:46,20,F,United States,NY,No,No,Sometimes,26-100,Yes,Yes,Don't know,Not sure,Don't know,Don't know,Don't know,Don't know,No,No,Some of them,Some of them,Maybe,Maybe,Don't know,No,Yes
128,30-08-2014 20:55,33,O,United States,AL,Yes,Yes,Often,01-May,Yes,Yes,Yes,Yes,Yes,Yes,Yes,Very easy,Yes,Yes,Yes,Yes,Yes,Yes,Yes,Yes,No
129,31-08-2014 04:31,37,M,Netherlands,NA,No,Yes,Sometimes,Jun-25,No,Yes,No,No,No,No,Yes,Somewhat easy,Maybe,No,Some of them,Yes,No,Maybe,Yes,No,Yes
130,31-08-2014 09:19,28,M,United States,MI,No,No,NA,More than 1000,No,No,Yes,No,No,No,Yes,Somewhat easy,Maybe,No,No,No,No,Yes,No,No,Yes
131,31-08-2014 15:03,42,F,United States,WA,No,Yes,Sometimes,26-100,No,No,Yes,Yes,No,No,Don't know,Don't know,Yes,No,Some of them,Some of them,No,Yes,No,No,Yes
132,31-08-2014 15:23,32,M,United Kingdom,NA,No,No,NA,26-100,No,Yes,No,No,No,No,Don't know,Don't know,Maybe,No,No,No,No,No,Don't know,Yes,Yes
133,31-08-2014 16:48,36,F,United States,TN,No,Yes,Rarely,More than 1000,Yes,Yes,Yes,Yes,No,No,Yes,Somewhat easy,Maybe,Maybe,Some of them,No,No,No,Don't know,No,Yes
134,31-08-2014 22:11,27,M,New Zealand,NA,No,No,Rarely,26-100,No,Yes,No,Yes,No,Yes,No,Somewhat difficult,Yes,No,No,No,No,Maybe,No,Yes,Yes
135,31-08-2014 22:16,27,M,New Zealand,NA,No,No,Rarely,26-100,No,Yes,No,Yes,No,Yes,No,Somewhat difficult,Yes,No,No,No,No,Maybe,No,Yes,Yes
136,01-09-2014 04:28,27,M,United Kingdom,NA,No,No,Sometimes,More than 1000,No,No,No,No,No,No,Yes,Somewhat easy,Maybe,No,Yes,Yes,Maybe,Maybe,No,No,Yes
137,01-09-2014 06:52,25,M,United Kingdom,NA,No,Yes,Sometimes,26-100,Yes,Yes,No,No,No,No,Yes,Very easy,No,No,Some of them,Yes,No,Maybe,Yes,No,Yes
138,01-09-2014 06:53,41,M,United Kingdom,NA,No,Yes,NA,Jun-25,No,Yes,No,No,No,No,Don't know,Somewhat difficult,Maybe,Maybe,Some of them,Some of them,Maybe,Maybe,Don't know,No,Yes
139,01-09-2014 08:19,23,M,Germany,NA,No,Yes,Sometimes,Jun-25,No,Yes,Don't know,Not sure,No,No,Don't know,Somewhat easy,Maybe,No,No,No,No,No,Don't know,No,Yes
140,01-09-2014 08:23,21,M,United Kingdom,NA,No,No,Sometimes,More than 1000,No,No,Don't know,No,No,Don't know,Don't know,Don't know,Maybe,No,Some of them,No,No,No,Don't know,No,Yes
141,01-09-2014 09:12,26,M,Moldova,NA,No,No,Often,26-100,No,Yes,No,Yes,No,No,Yes,Very difficult,No,No,Yes,Yes,Yes,Yes,Don't know,No,Yes
142,01-09-2014 09:15,29,M,Sweden,NA,No,No,Rarely,More than 1000,No,Yes,Don't know,Not sure,Don't know,Don't know,Don't know,Don't know,Maybe,Maybe,No,No,No,Yes,Don't know,Yes,Yes
143,01-09-2014 10:06,28,M,Belgium,NA,No,No,Sometimes,More than 1000,No,No,No,No,No,No,Don't know,Somewhat easy,Yes,Maybe,No,No,No,No,Don't know,Yes,Yes
144,01-09-2014 10:40,27,F,United Kingdom,NA,No,Yes,NA,More than 1000,No,No,No,Yes,No,No,Yes,Don't know,Maybe,No,No,No,No,Yes,Yes,No,Yes
145,01-09-2014 12:00,23,M,Israel,NA,No,No,Never,More than 1000,No,No,No,Yes,Yes,Yes,Yes,Somewhat difficult,No,No,Yes,Yes,No,Yes,Yes,No,Yes
146,01-09-2014 12:45,26,F,United States,NY,No,Yes,Sometimes,26-100,Yes,Yes,Don't know,No,No,No,Don't know,Don't know,Maybe,No,No,No,No,No,Don't know,No,Yes
147,01-09-2014 17:59,38,M,United Kingdom,NA,No,Yes,Sometimes,01-May,No,Yes,No,Not sure,Don't know,Don't know,Don't know,Very easy,No,No,Some of them,Yes,Maybe,Yes,Don't know,No,Yes
148,01-09-2014 21:03,39,M,United Kingdom,NA,No,Yes,Sometimes,More than 1000,No,No,No,No,No,No,Yes,Very easy,Maybe,Maybe,Some of them,Yes,Maybe,Maybe,Yes,No,Yes
149,01-09-2014 21:34,35,M,United States,IN,No,Yes,Often,More than 1000,No,No,Yes,Yes,No,Yes,Don't know,Somewhat easy,Yes,No,No,Some of them,No,Yes,Don't know,No,Yes
150,01-09-2014 22:58,32,M,United States,NC,No,No,Rarely,Jun-25,No,Yes,Yes,Not sure,No,Don't know,Don't know,Don't know,Maybe,No,No,Some of them,No,Maybe,Don't know,No,Yes
151,02-09-2014 03:13,32,M,United States,CA,No,No,Sometimes,More than 1000,No,Yes,Yes,Yes,Yes,Yes,Yes,Somewhat difficult,Maybe,Maybe,Some of them,Some of them,No,No,Don't know,Yes,Yes
152,02-09-2014 04:00,26,M,United Kingdom,NA,No,No,Never,Jun-25,No,Yes,No,No,No,No,Don't know,Don't know,Yes,Maybe,Some of them,No,No,Maybe,Don't know,No,Yes
153,02-09-2014 08:00,38,M,Canada,NA,No,Yes,Rarely,100-500,No,Yes,Don't know,Not sure,No,Don't know,Don't know,Don't know,No,No,Yes,Yes,No,Maybe,No,No,Yes
154,02-09-2014 08:24,34,F,United Kingdom,NA,No,Yes,Rarely,26-100,No,No,Yes,Yes,Yes,Yes,Yes,Very easy,No,No,Some of them,Yes,Maybe,Maybe,Yes,No,Yes
155,02-09-2014 09:57,39,M,United States,TN,No,Yes,Often,26-100,No,No,Don't know,Not sure,No,No,Don't know,Somewhat easy,Yes,No,Some of them,Some of them,No,Maybe,Don't know,No,Yes
156,02-09-2014 13:18,32,M,Canada,NA,Yes,No,Never,Jun-25,Yes,Yes,Don't know,Not sure,No,No,Don't know,Very easy,No,No,Yes,Yes,Maybe,Maybe,Yes,No,No
157,02-09-2014 17:04,37,M,Netherlands,NA,Yes,No,Never,01-May,Yes,Yes,Don't know,Not sure,Don't know,Don't know,Don't know,Very easy,Yes,Yes,Some of them,Some of them,No,No,Don't know,No,No
158,02-09-2014 20:23,31,M,United Kingdom,NA,No,Yes,Never,Jun-25,No,Yes,Don't know,Not sure,No,Don't know,Don't know,Somewhat easy,No,No,Some of them,Some of them,No,No,Don't know,No,Yes
159,02-09-2014 20:57,30,M,United States,MN,No,Yes,Rarely,Jun-25,No,Yes,No,Yes,No,No,Don't know,Don't know,No,No,No,No,No,No,Don't know,No,Yes
160,03-09-2014 01:32,51,M,Singapore,NA,No,No,Never,More than 1000,Yes,Yes,Don't know,No,No,Don't know,Don't know,Don't know,Yes,No,No,No,No,No,No,No,Yes
161,03-09-2014 13:09,29,M,United States,NC,No,No,Sometimes,26-100,No,Yes,Yes,Yes,No,No,Don't know,Don't know,Yes,No,Some of them,Some of them,No,Maybe,Don't know,No,Yes
162,04-09-2014 06:23,31,M,United Kingdom,NA,No,No,Never,100-500,No,Yes,Yes,No,No,Yes,Don't know,Don't know,Maybe,Yes,Some of them,No,No,No,Yes,No,Yes
163,04-09-2014 08:35,31,M,India,NA,No,No,NA,26-100,No,Yes,Don't know,Not sure,No,No,Don't know,Don't know,Yes,Yes,No,No,No,No,Don't know,No,Yes
164,04-09-2014 17:38,26,M,United States,TX,No,Yes,Sometimes,Jun-25,Yes,Yes,Don't know,No,No,Don't know,Don't know,Somewhat easy,Maybe,No,Some of them,Some of them,Maybe,Maybe,Don't know,No,Yes
165,04-09-2014 23:42,46,F,United States,CA,No,No,Often,100-500,Yes,No,Yes,Yes,No,No,Yes,Don't know,Maybe,No,Some of them,Some of them,No,Maybe,No,No,Yes
166,05-09-2014 14:15,32,M,United States,CA,No,Yes,Sometimes,More than 1000,No,Yes,Yes,No,Yes,Don't know,Don't know,Don't know,Maybe,No,Yes,Yes,No,No,Don't know,No,Yes
167,05-09-2014 14:19,29,M,United States,IL,No,Yes,Sometimes,26-100,No,No,Yes,Yes,Yes,Yes,Don't know,Don't know,Maybe,No,Some of them,No,No,Maybe,Don't know,No,Yes
168,08-09-2014 00:52,34,M,Poland,NA,No,No,Never,More than 1000,Yes,Yes,Don't know,Not sure,No,No,Don't know,Don't know,Maybe,No,Some of them,Some of them,No,Yes,Don't know,No,Yes
169,08-09-2014 16:46,26,M,Colombia,NA,No,No,Often,Jun-25,No,Yes,No,No,No,No,No,Very difficult,Yes,No,No,No,No,Maybe,Yes,No,Yes
170,08-09-2014 21:30,32,F,United States,PA,No,No,Sometimes,More than 1000,No,Yes,Yes,Yes,No,Don't know,Don't know,Don't know,Maybe,No,Some of them,No,No,No,No,No,Yes
171,09-09-2014 13:49,29,M,United States,IL,No,No,NA,More than 1000,No,Yes,Don't know,Not sure,No,No,Don't know,Don't know,Maybe,No,Some of them,Yes,Maybe,Yes,No,No,Yes
172,11-09-2014 17:00,30,M,United States,IL,No,No,NA,More than 1000,No,No,Yes,No,Yes,Yes,Don't know,Don't know,Yes,Maybe,No,No,No,No,Don't know,No,Yes
173,12-09-2014 19:18,40,F,United States,MN,No,Yes,Sometimes,26-100,No,Yes,Yes,Yes,No,Yes,Yes,Somewhat easy,No,No,Yes,Yes,No,Maybe,Yes,Yes,Yes
174,13-09-2014 07:52,23,M,United Kingdom,NA,No,No,Sometimes,01-May,No,Yes,No,No,No,No,Don't know,Very difficult,Maybe,No,Yes,Yes,Yes,Yes,No,Yes,Yes
175,14-09-2014 09:04,20,M,Georgia,NA,No,No,Rarely,26-100,No,No,No,No,No,No,Don't know,Very difficult,Yes,Yes,Some of them,No,No,Maybe,No,No,Yes
176,14-09-2014 20:50,38,M,United States,NY,No,Yes,NA,Jun-25,No,Yes,Don't know,No,No,No,Don't know,Somewhat difficult,No,No,Some of them,Yes,No,No,Don't know,Yes,Yes
177,20-09-2014 13:51,26,F,United States,MI,No,Yes,Rarely,100-500,No,Yes,Yes,No,No,No,Don't know,Don't know,Maybe,Maybe,No,No,No,Maybe,No,No,Yes
178,23-09-2014 20:05,29,M,United States,OH,No,No,Never,26-100,No,Yes,No,No,No,Don't know,Don't know,Don't know,No,No,Some of them,Yes,No,Yes,No,Yes,Yes
179,26-09-2014 08:45,40,M,China,NA,Yes,No,Sometimes,01-May,Yes,Yes,No,Yes,No,No,Don't know,Somewhat easy,No,No,Some of them,Some of them,Maybe,Maybe,Don't know,No,No
180,26-09-2014 10:05,25,F,Bulgaria,UT,No,No,Sometimes,26-100,Yes,Yes,No,No,No,No,Don't know,Don't know,Maybe,Maybe,Yes,Some of them,Maybe,No,No,No,Yes
181,26-09-2014 21:25,32,O,United States,NY,No,No,Sometimes,26-100,No,Yes,Yes,Yes,No,No,Yes,Don't know,Maybe,Maybe,Some of them,No,No,No,No,No,Yes
182,30-09-2014 09:19,38,M,United States,CA,No,Yes,Sometimes,More than 1000,No,No,Yes,Yes,Yes,Yes,Yes,Don't know,Maybe,No,Some of them,No,No,Maybe,No,Yes,Yes
183,02-10-2014 21:25,72,F,United States,IN,No,Yes,Never,500-1000,Yes,No,Yes,Not sure,Don't know,Yes,Don't know,Somewhat easy,Maybe,Maybe,Some of them,Yes,No,No,Don't know,Yes,Yes
184,05-10-2014 21:16,35,F,United States,IN,No,Yes,Sometimes,01-May,Yes,Yes,No,No,No,No,Yes,Don't know,Maybe,Maybe,Some of them,Some of them,No,No,Yes,No,Yes
185,09-10-2014 11:14,28,F,United States,VA,No,No,Often,Jun-25,No,Yes,No,Yes,No,No,Don't know,Very difficult,Yes,Maybe,Some of them,Some of them,No,No,Don't know,No,Yes
186,05-11-2014 10:08,27,F,United States,OK,No,No,Never,100-500,No,No,Don't know,Not sure,Don't know,Don't know,Don't know,Don't know,No,No,Some of them,Yes,No,No,Yes,No,Yes
187,06-11-2014 11:24,56,F,United States,OR,Yes,No,Rarely,01-May,Yes,Yes,Don't know,Not sure,Don't know,Don't know,Don't know,Don't know,Maybe,Maybe,No,No,No,No,Don't know,No,No
188,16-11-2014 08:42,38,M,United States,AL,No,Yes,Sometimes,26-100,Yes,Yes,Yes,No,No,No,Don't know,Don't know,Maybe,No,Some of them,Some of them,No,No,Don't know,No,Yes
189,01-12-2014 09:58,31,F,Belgium,NA,No,No,NA,26-100,No,Yes,Don't know,Not sure,No,No,Yes,Very easy,Maybe,No,Some of them,Some of them,No,No,Don't know,No,Yes
190,15-12-2014 00:43,40,M,United States,AL,No,Yes,Sometimes,Jun-25,No,Yes,Yes,Yes,No,No,Yes,Don't know,Maybe,No,Some of them,No,No,No,Yes,No,Yes
191,03-01-2015 03:38,44,M,United States,OH,No,Yes,Sometimes,100-500,No,Yes,Yes,Yes,No,Yes,Yes,Don't know,Maybe,No,Some of them,Some of them,No,No,Don't know,No,Yes
192,21-02-2015 04:16,34,M,Canada,NA,No,Yes,Sometimes,More than 1000,No,Yes,Yes,Not sure,Yes,Yes,Yes,Don't know,Maybe,No,No,No,No,Maybe,Don't know,No,Yes
193,21-02-2015 04:16,37,M,United Kingdom,NA,No,No,Never,26-100,Yes,Yes,Don't know,No,No,No,Don't know,Somewhat easy,No,No,Some of them,Yes,No,Yes,Don't know,No,Yes
194,21-02-2015 04:18,38,M,Italy,NA,No,No,Never,26-100,No,Yes,Don't know,Not sure,Don't know,Don't know,Yes,Don't know,No,No,Some of them,Yes,Yes,Maybe,No,No,Yes
195,21-02-2015 04:19,27,M,Germany,NA,No,No,NA,26-100,No,Yes,Don't know,Not sure,No,No,Don't know,Don't know,No,No,Some of them,Yes,Yes,Yes,Don't know,No,Yes
196,21-02-2015 04:23,34,F,Ireland,NA,No,No,Sometimes,500-1000,No,No,Yes,Yes,Yes,No,Yes,Don't know,Yes,Yes,Some of them,Some of them,No,No,Yes,No,Yes
197,21-02-2015 04:32,35,F,Ireland,NA,No,No,Rarely,01-May,No,Yes,Don't know,No,No,No,No,Don't know,Maybe,No,Some of them,No,No,Maybe,No,No,Yes
198,21-02-2015 04:34,34,M,Ireland,NA,No,No,Often,Jun-25,No,Yes,No,No,No,No,Don't know,Somewhat difficult,Yes,Maybe,Some of them,Yes,No,Maybe,No,No,Yes
199,21-02-2015 04:41,32,M,United States,TX,No,No,Often,26-100,Yes,Yes,Yes,Not sure,No,Don't know,Don't know,Very difficult,Yes,Maybe,Some of them,No,No,No,Don't know,No,Yes
200,21-02-2015 04:51,25,M,Ireland,NA,No,No,NA,100-500,No,Yes,Don't know,Not sure,No,Don't know,Don't know,Don't know,Maybe,No,Some of them,Yes,No,No,Don't know,No,Yes
201,21-02-2015 04:55,28,M,Australia,NA,No,No,Often,100-500,Yes,Yes,No,Yes,No,No,Don't know,Don't know,Yes,No,No,No,No,Maybe,No,No,Yes
202,21-02-2015 05:11,28,F,United States,TX,No,No,Rarely,Jun-25,No,Yes,Yes,No,No,No,Don't know,Somewhat easy,Yes,Yes,Some of them,No,No,No,No,Yes,Yes
203,21-02-2015 05:34,31,M,Brazil,NA,Yes,No,NA,01-May,No,Yes,No,Yes,No,No,No,Don't know,No,No,Yes,Yes,No,Maybe,Don't know,No,No
204,21-02-2015 05:55,24,M,United Kingdom,NA,No,No,NA,100-500,No,Yes,Don't know,Not sure,No,No,Don't know,Somewhat easy,Maybe,Maybe,Some of them,Yes,No,Maybe,Don't know,No,Yes
205,21-02-2015 05:55,34,M,Ireland,NA,No,Yes,Never,01-May,Yes,Yes,No,No,No,No,Don't know,Don't know,Maybe,No,Some of them,Yes,No,No,Don't know,No,Yes
206,21-02-2015 06:06,32,M,Ireland,NA,No,No,Sometimes,Jun-25,No,Yes,No,No,No,No,Don't know,Somewhat easy,No,No,Some of them,Yes,No,Maybe,Don't know,No,Yes
207,21-02-2015 06:19,34,M,United Kingdom,NA,No,Yes,Often,26-100,Yes,No,Don't know,Not sure,No,No,Don't know,Somewhat easy,Maybe,No,Some of them,Yes,Maybe,Yes,Yes,No,Yes
208,21-02-2015 08:21,23,M,United States,TX,No,No,Sometimes,01-May,No,Yes,No,Yes,No,No,No,Very easy,Maybe,Maybe,Some of them,Yes,No,No,No,No,Yes
209,21-02-2015 08:54,33,M,Czech Republic,NA,No,Yes,Often,100-500,No,Yes,No,Yes,No,No,Don't know,Somewhat easy,No,No,Some of them,Yes,Maybe,Maybe,Don't know,Yes,Yes
210,21-02-2015 08:56,29,M,Singapore,NA,No,Yes,Sometimes,26-100,No,Yes,Don't know,Not sure,No,No,Don't know,Somewhat difficult,Maybe,No,No,No,No,Maybe,No,No,Yes
211,21-02-2015 09:10,24,M,Ireland,NA,No,Yes,NA,01-May,No,Yes,No,No,No,No,Don't know,Don't know,Maybe,Maybe,No,No,No,No,Don't know,No,Yes
212,21-02-2015 09:16,45,M,Ireland,NA,No,No,Never,More than 1000,Yes,Yes,Don't know,Not sure,No,No,Don't know,Don't know,Yes,No,Yes,Some of them,No,No,No,Yes,Yes
213,21-02-2015 09:18,34,F,United Kingdom,NA,No,No,Sometimes,More than 1000,No,No,No,Yes,No,Yes,Yes,Somewhat difficult,Maybe,Maybe,Some of them,Yes,No,Maybe,No,Yes,Yes
214,21-02-2015 09:19,31,M,Philippines,NA,No,No,Sometimes,More than 1000,No,Yes,Don't know,No,No,No,Don't know,Very difficult,Yes,Yes,Some of them,No,No,Maybe,No,Yes,Yes
215,21-02-2015 09:22,33,M,United States,FL,No,No,Often,26-100,Yes,Yes,Yes,Yes,No,No,Yes,Don't know,Maybe,No,Some of them,No,No,Maybe,Don't know,No,Yes
216,21-02-2015 09:29,28,M,Netherlands,NA,No,No,NA,Jun-25,No,Yes,No,Not sure,No,No,Don't know,Somewhat easy,Maybe,Maybe,Some of them,Some of them,No,No,Don't know,No,Yes
217,21-02-2015 09:30,27,M,United Kingdom,NA,No,No,Rarely,More than 1000,Yes,No,Don't know,Not sure,No,Yes,Don't know,Don't know,No,No,Some of them,Yes,No,No,Don't know,No,Yes
218,21-02-2015 09:30,42,M,Ireland,NA,No,No,Never,26-100,No,Yes,No,Yes,No,No,No,Somewhat difficult,Yes,Yes,Some of them,Some of them,No,No,No,No,Yes
219,21-02-2015 09:33,28,M,Netherlands,NA,No,No,NA,Jun-25,No,Yes,No,Not sure,No,No,Don't know,Somewhat easy,Maybe,Maybe,Some of them,Some of them,No,No,Don't know,No,Yes
220,21-02-2015 09:48,38,M,United States,TX,No,No,Sometimes,More than 1000,Yes,Yes,Yes,No,Yes,Yes,Yes,Very easy,No,No,Yes,Yes,No,No,Don't know,No,Yes
221,21-02-2015 10:00,46,M,United States,CA,No,Yes,Often,26-100,No,Yes,Don't know,No,No,No,Don't know,Don't know,Maybe,No,Some of them,No,No,No,No,No,Yes
222,21-02-2015 10:45,46,M,United States,MD,No,Yes,Sometimes,100-500,Yes,Yes,Don't know,Not sure,Don't know,Don't know,Don't know,Don't know,No,No,Some of them,Yes,Yes,Yes,Don't know,No,Yes
223,21-02-2015 11:48,41,F,Netherlands,NA,Yes,No,Rarely,01-May,Yes,Yes,Don't know,Yes,Don't know,Yes,No,Somewhat easy,No,No,Yes,Yes,Yes,Yes,Yes,No,No
224,21-02-2015 11:55,23,M,United Kingdom,NA,No,No,Never,26-100,No,Yes,Don't know,No,No,No,Don't know,Somewhat easy,Maybe,No,Some of them,Some of them,No,Maybe,Yes,Yes,Yes
225,21-02-2015 13:19,24,M,Ireland,NA,No,Yes,Sometimes,More than 1000,No,Yes,Yes,Yes,No,Yes,Don't know,Somewhat easy,Maybe,No,Some of them,No,No,Maybe,Yes,Yes,Yes
226,21-02-2015 15:28,23,F,Ireland,NA,No,No,Rarely,26-100,No,Yes,No,Yes,Yes,No,Don't know,Don't know,No,No,Yes,Some of them,No,Maybe,Don't know,No,Yes
227,21-02-2015 17:19,39,M,Netherlands,NA,No,No,NA,More than 1000,No,No,Yes,Not sure,Yes,Don't know,Don't know,Somewhat easy,Maybe,Maybe,No,Some of them,No,No,Yes,No,Yes
228,21-02-2015 18:54,32,F,Ireland,NA,No,Yes,Never,More than 1000,No,Yes,Yes,Yes,Don't know,Yes,Yes,Don't know,Maybe,No,Some of them,Some of them,No,No,Don't know,No,Yes
229,21-02-2015 18:59,25,M,United States,MN,No,Yes,Sometimes,26-100,No,Yes,Don't know,Yes,No,No,Don't know,Somewhat easy,Yes,No,Some of them,Some of them,No,Maybe,Don't know,No,Yes
230,22-02-2015 02:40,39,M,Greece,NA,No,No,NA,Jun-25,Yes,Yes,No,No,No,No,Yes,Don't know,Yes,No,No,No,No,No,Don't know,No,Yes
231,24-02-2015 08:54,23,F,United Kingdom,NA,No,Yes,Sometimes,Jun-25,No,Yes,No,Yes,No,Yes,Yes,Very easy,No,No,Yes,Yes,Maybe,Maybe,Yes,No,Yes
232,24-02-2015 08:58,24,O,United Kingdom,NA,Yes,No,Sometimes,Jun-25,Yes,Yes,No,No,No,No,Don't know,Don't know,Maybe,Maybe,Some of them,Some of them,No,Maybe,Don't know,Yes,No
233,24-02-2015 09:00,25,M,United Kingdom,NA,No,Yes,Sometimes,More than 1000,No,No,Yes,Yes,Yes,Yes,Yes,Very easy,No,No,Yes,Yes,Yes,Yes,Yes,No,Yes
234,24-02-2015 09:13,23,M,United Kingdom,NA,No,No,Rarely,Jun-25,No,Yes,No,Yes,No,No,Don't know,Don't know,No,No,Yes,Yes,No,Maybe,Don't know,No,Yes
235,24-02-2015 09:15,24,O,United Kingdom,NA,No,No,Sometimes,Jun-25,No,No,Don't know,No,No,Don't know,Don't know,Don't know,Yes,Maybe,No,No,No,Maybe,Don't know,No,Yes
236,24-02-2015 09:18,23,M,Canada,NA,No,No,Often,26-100,No,Yes,Yes,Yes,Yes,Don't know,Don't know,Don't know,Maybe,No,Yes,Some of them,No,No,Don't know,No,Yes
237,24-02-2015 10:32,60,M,United States,CA,No,No,Often,More than 1000,Yes,Yes,Don't know,No,Yes,Don't know,Don't know,Somewhat easy,Maybe,Maybe,Some of them,No,No,Maybe,Don't know,No,Yes
238,26-02-2015 05:44,28,M,Ireland,NA,No,No,Sometimes,26-100,No,Yes,No,Yes,No,No,Yes,Don't know,Yes,Maybe,No,No,No,No,No,Yes,Yes
239,02-04-2015 15:47,28,M,United States,TN,No,Yes,Often,More than 1000,No,No,Yes,Yes,Yes,Yes,Yes,Somewhat easy,Yes,Maybe,Some of them,Yes,No,No,No,Yes,Yes
240,04-04-2015 11:22,30,M,Netherlands,NA,No,No,Sometimes,500-1000,No,Yes,Don't know,No,No,No,Don't know,Don't know,Maybe,No,Yes,Yes,Maybe,Yes,Don't know,No,Yes
241,06-04-2015 14:58,31,M,Germany,NA,No,Yes,Sometimes,100-500,No,Yes,Don't know,No,No,No,Yes,Somewhat easy,No,No,Some of them,No,No,No,Don't know,No,Yes
242,11-04-2015 14:35,31,M,Poland,NA,Yes,No,Often,Jun-25,Yes,Yes,No,No,No,No,Don't know,Somewhat easy,Maybe,No,Some of them,No,No,No,Don't know,No,No
243,23-04-2015 14:03,28,M,Ireland,NA,No,No,Rarely,26-100,No,Yes,Don't know,No,No,Don't know,Don't know,Don't know,Maybe,No,No,No,No,Maybe,Don't know,No,Yes
244,05-05-2015 14:22,43,F,United States,FL,No,Yes,Rarely,More than 1000,Yes,Yes,Yes,Yes,No,Yes,Don't know,Don't know,No,No,Some of them,Yes,No,No,Don't know,No,Yes
245,05-05-2015 15:16,32,F,United Kingdom,NA,No,No,NA,More than 1000,No,No,No,No,No,Don't know,Don't know,Don't know,Maybe,No,Some of them,Yes,No,Yes,No,No,Yes
246,06-05-2015 10:14,22,M,Australia,NA,No,Yes,Often,100-500,No,No,Yes,Yes,Yes,Yes,Yes,Don't know,Maybe,Maybe,No,Yes,No,Maybe,Don't know,Yes,Yes
247,06-05-2015 16:55,32,M,United States,OR,No,No,Never,100-500,No,Yes,Yes,Not sure,Don't know,Yes,Don't know,Somewhat easy,No,No,No,Some of them,Maybe,Yes,Don't know,No,Yes
248,07-05-2015 10:08,36,M,Finland,NA,No,No,Often,Jun-25,No,Yes,No,No,No,No,No,Very difficult,Yes,No,Some of them,No,No,Maybe,Don't know,Yes,Yes
249,25-06-2015 12:24,41,F,United States,WA,No,Yes,Sometimes,26-100,No,Yes,Yes,No,No,Don't know,Don't know,Don't know,Yes,Maybe,No,No,No,No,Don't know,No,Yes
250,22-07-2015 18:57,30,M,United States,CA,No,Yes,Sometimes,26-100,No,Yes,Yes,Yes,Don't know,No,Yes,Very easy,No,No,Yes,Yes,Maybe,Maybe,Yes,No,Yes
251,27-07-2015 23:25,30,M,United States,CA,Yes,Yes,Often,26-100,No,Yes,Yes,Not sure,Yes,Yes,Don't know,Don't know,No,No,Some of them,Yes,Maybe,Maybe,Yes,No,No
252,17-08-2015 09:38,36,M,South Africa,NA,No,Yes,Often,100-500,No,No,No,Yes,No,No,Don't know,Somewhat easy,No,No,Some of them,Yes,No,Yes,Yes,No,Yes
253,20-08-2015 16:52,29,M,United States,NC,No,Yes,Sometimes,100-500,Yes,Yes,Yes,Yes,Yes,No,Yes,Don't know,Yes,No,Some of them,No,No,Maybe,No,No,Yes
254,25-08-2015 19:59,36,M,United States,UT,No,Yes,Rarely,More than 1000,No,No,Don't know,No,Yes,Yes,Don't know,Somewhat easy,Maybe,Maybe,Some of them,Some of them,No,No,Don't know,No,Yes
255,12-09-2015 11:17,26,M,United Kingdom,NA,No,No,NA,26-100,No,Yes,No,No,No,No,Don't know,Somewhat easy,No,No,Some of them,Some of them,No,No,Don't know,No,Yes
256,26-09-2015 01:07,32,M,United States,IL,No,Yes,Often,26-100,Yes,Yes,Yes,Yes,No,No,Yes,Somewhat difficult,No,No,Some of them,Yes,No,No,Yes,No,Yes
257,07-11-2015 12:36,34,M,United States,CA,No,Yes,Sometimes,More than 1000,No,Yes,Yes,Yes,No,No,Don't know,Somewhat difficult,Yes,Yes,No,No,No,No,No,No,Yes
258,30-11-2015 21:25,46,F,United States,NC,No,No,NA,100-500,Yes,Yes,No,Yes,No,No,Don't know,Don't know,Yes,No,No,No,No,No,No,No,Yes
259,01-02-2016 23:04,25,M,United States,IL,No,Yes,Sometimes,26-100,No,No,Yes,Yes,No,No,Yes,Don't know,Maybe,No,Some of them,No,No,No,Don't know,No,Yes
